size,execution_time_s,comparisons,movements
100,0.000017,4859,2559
1000,0.001409,497547,246623
10000,0.155912,49993347,24858019
100000,22.083855,4999655472,2504099219
