size,execution_time_s,comparisons,movements
100,0.000002,2654,2656
1000,0.000095,247617,247615
10000,0.008736,24868009,24868009
100000,0.857566,2504199202,2504199207
