size,execution_time_s,comparisons,movements
100,0.000003,644,467
1000,0.000034,11140,7161
10000,0.000420,152761,84539
100000,0.005488,1978778,1047653
