size,execution_time_s,comparisons,movements
100,0.000009,4950,95
1000,0.000935,499500,991
10000,0.109985,49995000,9992
100000,9.655394,4999950000,99984
